<?xml version="1.0" encoding="UTF-8"?><idempiere Name="NicMcoud" Version="1" idempiereVersion="" DataBaseVersion="" Description="Contributed by Nicolas Mcoud, FRANCE" Author="" AuthorEmail="nmicoud@tgi.fr" CreatedDate="2013-10-23 08:24:26.287" UpdatedDate="2015-03-03 18:59:27.035" PackOutVersion="100" UpdateDictionary="false" Client="0-SYSTEM-System" AD_Client_UU="11237b53-9592-4af1-b3c5-afd216514b5d">
    <AD_Element type="table">
        <AD_Element_ID>53468</AD_Element_ID>
        <AD_Client_ID>0</AD_Client_ID>
        <AD_Org_ID>0</AD_Org_ID>
        <AD_Element_ID>53468</AD_Element_ID>
        <IsActive>true</IsActive>
        <ColumnName>Allow_Info_MRP</ColumnName>
        <Name>Allow Info MRP</Name>
        <Description/>
        <Help/>
        <PrintName>Allow Info MRP</PrintName>
        <PO_Description/>
        <PO_Help/>
        <PO_Name/>
        <PO_PrintName/>
        <EntityType>EE01</EntityType>
        <AD_Element_UU>eebaa715-4561-418d-b6c4-740f77768cf1</AD_Element_UU>
        <AD_Element_Trl type="translation">
            <Help/>
            <PO_Description/>
            <PO_Help/>
            <Name>Permitir Información MRP</Name>
            <Description/>
            <PrintName>Permitir Información MRP</PrintName>
            <PO_Name/>
            <PO_PrintName/>
            <AD_Language>es_CO</AD_Language>
            <IsActive>true</IsActive>
            <IsTranslated>true</IsTranslated>
        </AD_Element_Trl>
    </AD_Element>
    <AD_Column type="table">
        <AD_Column_ID>55332</AD_Column_ID>
        <IsSyncDatabase>Y</IsSyncDatabase>
        <AD_Table_ID reference="id">156</AD_Table_ID>
        <AD_Reference_Value_ID reference="id"/>
        <AD_Client_ID>0</AD_Client_ID>
        <AD_Org_ID>0</AD_Org_ID>
        <AD_Column_ID>55332</AD_Column_ID>
        <Version>0</Version>
        <Name>Allow Info MRP</Name>
        <Description/>
        <Help/>
        <AD_Val_Rule_ID reference="id"/>
        <ColumnName>Allow_Info_MRP</ColumnName>
        <DefaultValue>N</DefaultValue>
        <FieldLength>1</FieldLength>
        <IsKey>false</IsKey>
        <IsParent>false</IsParent>
        <IsMandatory>true</IsMandatory>
        <IsTranslated>false</IsTranslated>
        <IsIdentifier>false</IsIdentifier>
        <SeqNo/>
        <IsEncrypted>N</IsEncrypted>
        <AD_Reference_ID reference="id">20</AD_Reference_ID>
        <IsActive>false</IsActive>
        <VFormat/>
        <Callout/>
        <AD_Element_ID reference="id">53468</AD_Element_ID>
        <IsUpdateable>true</IsUpdateable>
        <AD_Process_ID reference="id"/>
        <ValueMin/>
        <ValueMax/>
        <IsSelectionColumn>false</IsSelectionColumn>
        <ReadOnlyLogic/>
        <EntityType>EE01</EntityType>
        <IsAlwaysUpdateable>false</IsAlwaysUpdateable>
        <ColumnSQL/>
        <MandatoryLogic/>
        <IsAutocomplete>false</IsAutocomplete>
        <IsAllowLogging>true</IsAllowLogging>
        <FormatPattern/>
        <AD_Chart_ID reference="id"/>
        <AD_Column_UU>e3e7d749-10b5-423c-88bd-607b5500f07d</AD_Column_UU>
        <IsAllowCopy>true</IsAllowCopy>
        <SeqNoSelection/>
        <IsToolbarButton>N</IsToolbarButton>
        <IsSecure>false</IsSecure>
        <FKConstraintName/>
        <FKConstraintType/>
        <IsSynchronized>false</IsSynchronized>
    </AD_Column>
    <AD_Element type="table">
        <AD_Element_ID>53469</AD_Element_ID>
        <AD_Client_ID>0</AD_Client_ID>
        <AD_Org_ID>0</AD_Org_ID>
        <AD_Element_ID>53469</AD_Element_ID>
        <IsActive>true</IsActive>
        <ColumnName>Allow_Info_CRP</ColumnName>
        <Name>Allow Info CRP</Name>
        <Description/>
        <Help/>
        <PrintName>Allow Info CRP</PrintName>
        <PO_Description/>
        <PO_Help/>
        <PO_Name/>
        <PO_PrintName/>
        <EntityType>EE01</EntityType>
        <AD_Element_UU>ca3e3386-d0fa-4181-bd99-1724d504a370</AD_Element_UU>
        <AD_Element_Trl type="translation">
            <Help/>
            <PO_Description/>
            <PO_Help/>
            <Name>Permitir Información CRP</Name>
            <Description/>
            <PrintName>Permitir Información CRP</PrintName>
            <PO_Name/>
            <PO_PrintName/>
            <AD_Language>es_CO</AD_Language>
            <IsActive>true</IsActive>
            <IsTranslated>true</IsTranslated>
        </AD_Element_Trl>
    </AD_Element>
    <AD_Column type="table">
        <AD_Column_ID>55333</AD_Column_ID>
        <IsSyncDatabase>Y</IsSyncDatabase>
        <AD_Table_ID reference="id">156</AD_Table_ID>
        <AD_Reference_Value_ID reference="id"/>
        <AD_Client_ID>0</AD_Client_ID>
        <AD_Org_ID>0</AD_Org_ID>
        <AD_Column_ID>55333</AD_Column_ID>
        <Version>0</Version>
        <Name>Allow Info CRP</Name>
        <Description/>
        <Help/>
        <AD_Val_Rule_ID reference="id"/>
        <ColumnName>Allow_Info_CRP</ColumnName>
        <DefaultValue>N</DefaultValue>
        <FieldLength>1</FieldLength>
        <IsKey>false</IsKey>
        <IsParent>false</IsParent>
        <IsMandatory>true</IsMandatory>
        <IsTranslated>false</IsTranslated>
        <IsIdentifier>false</IsIdentifier>
        <SeqNo/>
        <IsEncrypted>N</IsEncrypted>
        <AD_Reference_ID reference="id">20</AD_Reference_ID>
        <IsActive>false</IsActive>
        <VFormat/>
        <Callout/>
        <AD_Element_ID reference="id">53469</AD_Element_ID>
        <IsUpdateable>true</IsUpdateable>
        <AD_Process_ID reference="id"/>
        <ValueMin/>
        <ValueMax/>
        <IsSelectionColumn>false</IsSelectionColumn>
        <ReadOnlyLogic/>
        <EntityType>EE01</EntityType>
        <IsAlwaysUpdateable>false</IsAlwaysUpdateable>
        <ColumnSQL/>
        <MandatoryLogic/>
        <IsAutocomplete>false</IsAutocomplete>
        <IsAllowLogging>true</IsAllowLogging>
        <FormatPattern/>
        <AD_Chart_ID reference="id"/>
        <AD_Column_UU>2dc00cf4-1f4b-4167-9f7b-2c68a7502b85</AD_Column_UU>
        <IsAllowCopy>true</IsAllowCopy>
        <SeqNoSelection/>
        <IsToolbarButton>N</IsToolbarButton>
        <IsSecure>false</IsSecure>
        <FKConstraintName/>
        <FKConstraintType/>
        <IsSynchronized>false</IsSynchronized>
    </AD_Column>
    <AD_Element type="table">
        <AD_Client_ID>0</AD_Client_ID>
        <AD_Org_ID>0</AD_Org_ID>
        <IsActive>true</IsActive>
        <ColumnName>IsMobileEnabled</ColumnName>
        <Name>Enabled for mobile access</Name>
        <Description>This role is enabled for mobile access</Description>
        <Help/>
        <PrintName>Enabled for mobile access</PrintName>
        <PO_Description/>
        <PO_Help/>
        <PO_Name/>
        <PO_PrintName/>
        <EntityType>U</EntityType>
        <AD_Element_UU>5e17a937-68c7-4ce2-b3bf-f9b78d4272bb</AD_Element_UU>
        <AD_Element_Trl type="translation">
            <Help/>
            <PO_Description/>
            <PO_Help/>
            <Name>Enabled for mobile access</Name>
            <Description>This role is enabled for mobile access</Description>
            <PrintName>Enabled for mobile access</PrintName>
            <PO_Name/>
            <PO_PrintName/>
            <AD_Language>es_CO</AD_Language>
            <IsActive>true</IsActive>
            <IsTranslated>false</IsTranslated>
        </AD_Element_Trl>
    </AD_Element>
    <AD_Column type="table">
        <IsSyncDatabase>Y</IsSyncDatabase>
        <AD_Table_ID reference="id">156</AD_Table_ID>
        <AD_Reference_Value_ID reference="id"/>
        <AD_Client_ID>0</AD_Client_ID>
        <AD_Org_ID>0</AD_Org_ID>
        <Version>0</Version>
        <Name>Enabled for mobile access</Name>
        <Description>This role is enabled for mobile access</Description>
        <Help/>
        <AD_Val_Rule_ID reference="id"/>
        <ColumnName>IsMobileEnabled</ColumnName>
        <DefaultValue>N</DefaultValue>
        <FieldLength>1</FieldLength>
        <IsKey>false</IsKey>
        <IsParent>false</IsParent>
        <IsMandatory>true</IsMandatory>
        <IsTranslated>false</IsTranslated>
        <IsIdentifier>false</IsIdentifier>
        <SeqNo>0</SeqNo>
        <IsEncrypted>N</IsEncrypted>
        <AD_Reference_ID reference="id">20</AD_Reference_ID>
        <IsActive>true</IsActive>
        <VFormat/>
        <Callout/>
        <AD_Element_ID reference="uuid" reference-key="AD_Element">5e17a937-68c7-4ce2-b3bf-f9b78d4272bb</AD_Element_ID>
        <IsUpdateable>true</IsUpdateable>
        <AD_Process_ID reference="id"/>
        <ValueMin/>
        <ValueMax/>
        <IsSelectionColumn>false</IsSelectionColumn>
        <ReadOnlyLogic/>
        <EntityType>U</EntityType>
        <IsAlwaysUpdateable>false</IsAlwaysUpdateable>
        <ColumnSQL/>
        <MandatoryLogic/>
        <IsAutocomplete>false</IsAutocomplete>
        <IsAllowLogging>true</IsAllowLogging>
        <FormatPattern/>
        <AD_Chart_ID reference="id"/>
        <AD_Column_UU>9429e973-ad39-411a-8094-db728bcc3664</AD_Column_UU>
        <IsAllowCopy>true</IsAllowCopy>
        <SeqNoSelection>0</SeqNoSelection>
        <IsToolbarButton>N</IsToolbarButton>
        <IsSecure>false</IsSecure>
        <FKConstraintName/>
        <FKConstraintType/>
        <IsSynchronized>false</IsSynchronized>
    </AD_Column>
    <AD_TableIndex type="table">
        <AD_TableIndex_ID>200189</AD_TableIndex_ID>
        <AD_Client_ID>0</AD_Client_ID>
        <AD_Org_ID>0</AD_Org_ID>
        <AD_TableIndex_ID>200189</AD_TableIndex_ID>
        <AD_TableIndex_UU>a5783b06-2fca-4f9b-bd26-dbd869aec1f1</AD_TableIndex_UU>
        <Description/>
        <EntityType>D</EntityType>
        <IsActive>true</IsActive>
        <Name>ad_role_uu_idx</Name>
        <AD_Table_ID reference="id">156</AD_Table_ID>
        <Help/>
        <IsCreateConstraint>false</IsCreateConstraint>
        <IsUnique>true</IsUnique>
        <Processing>false</Processing>
        <AD_Message_ID reference="id"/>
        <TableIndexDrop/>
        <IsKey>false</IsKey>
        <AD_IndexColumn type="table">
            <AD_IndexColumn_ID>200215</AD_IndexColumn_ID>
            <AD_Client_ID>0</AD_Client_ID>
            <AD_Org_ID>0</AD_Org_ID>
            <AD_IndexColumn_ID>200215</AD_IndexColumn_ID>
            <AD_IndexColumn_UU>6326420a-7f01-4530-9e80-9f3eccf08f17</AD_IndexColumn_UU>
            <EntityType>D</EntityType>
            <IsActive>true</IsActive>
            <AD_Column_ID reference="id">60489</AD_Column_ID>
            <AD_TableIndex_ID reference="id">200189</AD_TableIndex_ID>
            <ColumnSQL/>
            <SeqNo>1</SeqNo>
        </AD_IndexColumn>
    </AD_TableIndex>
    <AD_TableIndex type="table">
        <AD_Client_ID>0</AD_Client_ID>
        <AD_Org_ID>0</AD_Org_ID>
        <AD_TableIndex_UU>150189a1-57ca-4d13-b4ce-658a930f276d</AD_TableIndex_UU>
        <Description/>
        <EntityType>U</EntityType>
        <IsActive>true</IsActive>
        <Name>ad_role_uu_idx</Name>
        <AD_Table_ID reference="id">156</AD_Table_ID>
        <Help/>
        <IsCreateConstraint>false</IsCreateConstraint>
        <IsUnique>true</IsUnique>
        <Processing>false</Processing>
        <AD_Message_ID reference="id"/>
        <TableIndexDrop/>
        <IsKey>false</IsKey>
        <AD_IndexColumn type="table">
            <AD_Client_ID>0</AD_Client_ID>
            <AD_Org_ID>0</AD_Org_ID>
            <AD_IndexColumn_UU>4bac5ab6-be73-4ed5-b99f-8059aeefc871</AD_IndexColumn_UU>
            <EntityType>U</EntityType>
            <IsActive>true</IsActive>
            <AD_Column_ID reference="id">60489</AD_Column_ID>
            <AD_TableIndex_ID reference="uuid" reference-key="AD_TableIndex">150189a1-57ca-4d13-b4ce-658a930f276d</AD_TableIndex_ID>
            <ColumnSQL/>
            <SeqNo>1</SeqNo>
        </AD_IndexColumn>
    </AD_TableIndex>
    <AD_Field type="table">
        <AD_Client_ID>0</AD_Client_ID>
        <AD_Org_ID>0</AD_Org_ID>
        <Name>Enabled for mobile access</Name>
        <Description>This role is enabled for mobile access</Description>
        <Help/>
        <AD_Tab_ID reference="id">119</AD_Tab_ID>
        <AD_Column_ID reference="uuid" reference-key="AD_Column">9429e973-ad39-411a-8094-db728bcc3664</AD_Column_ID>
        <IsDisplayed>true</IsDisplayed>
        <DisplayLogic/>
        <DisplayLength>1</DisplayLength>
        <SeqNo>90</SeqNo>
        <SortNo/>
        <IsSameLine>false</IsSameLine>
        <IsHeading>false</IsHeading>
        <IsFieldOnly>false</IsFieldOnly>
        <IsEncrypted>false</IsEncrypted>
        <IsActive>true</IsActive>
        <IsReadOnly>false</IsReadOnly>
        <IsCentrallyMaintained>true</IsCentrallyMaintained>
        <AD_FieldGroup_ID reference="id"/>
        <EntityType>U</EntityType>
        <ObscureType/>
        <AD_Reference_ID reference="id"/>
        <IsMandatory/>
        <DefaultValue/>
        <AD_Reference_Value_ID reference="id"/>
        <AD_Val_Rule_ID reference="id"/>
        <Included_Tab_ID reference="id"/>
        <AD_Field_UU>f82ab4df-6f84-49e3-8dc5-37729685e262</AD_Field_UU>
        <IsAllowCopy/>
        <IsDisplayedGrid>true</IsDisplayedGrid>
        <SeqNoGrid>450</SeqNoGrid>
        <XPosition>2</XPosition>
        <ColumnSpan>2</ColumnSpan>
        <NumLines>1</NumLines>
        <IsQuickEntry>false</IsQuickEntry>
        <IsUpdateable/>
        <IsAlwaysUpdateable/>
        <MandatoryLogic/>
        <ReadOnlyLogic/>
        <IsToolbarButton/>
        <IsDefaultFocus>false</IsDefaultFocus>
        <IsAdvancedField>false</IsAdvancedField>
        <AD_Field_Trl type="translation">
            <Help/>
            <Description>This role is enabled for mobile access</Description>
            <Name>Enabled for mobile access</Name>
            <AD_Language>es_CO</AD_Language>
            <IsActive>true</IsActive>
            <IsTranslated>false</IsTranslated>
        </AD_Field_Trl>
    </AD_Field>
    <AD_Field type="table">
        <AD_Field_ID>55432</AD_Field_ID>
        <AD_Client_ID>0</AD_Client_ID>
        <AD_Org_ID>0</AD_Org_ID>
        <AD_Field_ID>55432</AD_Field_ID>
        <Name>Allow Info CRP</Name>
        <Description/>
        <Help/>
        <AD_Tab_ID reference="id">119</AD_Tab_ID>
        <AD_Column_ID reference="id">55333</AD_Column_ID>
        <IsDisplayed>true</IsDisplayed>
        <DisplayLogic/>
        <DisplayLength>1</DisplayLength>
        <SeqNo>450</SeqNo>
        <SortNo/>
        <IsSameLine>true</IsSameLine>
        <IsHeading>false</IsHeading>
        <IsFieldOnly>false</IsFieldOnly>
        <IsEncrypted>false</IsEncrypted>
        <IsActive>false</IsActive>
        <IsReadOnly>false</IsReadOnly>
        <IsCentrallyMaintained>true</IsCentrallyMaintained>
        <AD_FieldGroup_ID reference="id"/>
        <EntityType>EE01</EntityType>
        <ObscureType/>
        <AD_Reference_ID reference="id"/>
        <IsMandatory/>
        <DefaultValue/>
        <AD_Reference_Value_ID reference="id"/>
        <AD_Val_Rule_ID reference="id"/>
        <Included_Tab_ID reference="id"/>
        <AD_Field_UU>dc747750-31fc-4711-9c0e-ed3aa5c05c7a</AD_Field_UU>
        <IsAllowCopy/>
        <IsDisplayedGrid>true</IsDisplayedGrid>
        <SeqNoGrid>420</SeqNoGrid>
        <XPosition>5</XPosition>
        <ColumnSpan>2</ColumnSpan>
        <NumLines>1</NumLines>
        <IsQuickEntry>false</IsQuickEntry>
        <IsUpdateable/>
        <IsAlwaysUpdateable/>
        <MandatoryLogic/>
        <ReadOnlyLogic/>
        <IsToolbarButton/>
        <IsDefaultFocus>false</IsDefaultFocus>
        <IsAdvancedField>false</IsAdvancedField>
        <AD_Field_Trl type="translation">
            <Help/>
            <Description/>
            <Name>Permitir Información CRP</Name>
            <AD_Language>es_CO</AD_Language>
            <IsActive>true</IsActive>
            <IsTranslated>true</IsTranslated>
        </AD_Field_Trl>
    </AD_Field>
    <AD_Field type="table">
        <AD_Field_ID>55433</AD_Field_ID>
        <AD_Client_ID>0</AD_Client_ID>
        <AD_Org_ID>0</AD_Org_ID>
        <AD_Field_ID>55433</AD_Field_ID>
        <Name>Allow Info MRP</Name>
        <Description/>
        <Help/>
        <AD_Tab_ID reference="id">119</AD_Tab_ID>
        <AD_Column_ID reference="id">55332</AD_Column_ID>
        <IsDisplayed>true</IsDisplayed>
        <DisplayLogic/>
        <DisplayLength>1</DisplayLength>
        <SeqNo>460</SeqNo>
        <SortNo/>
        <IsSameLine>false</IsSameLine>
        <IsHeading>false</IsHeading>
        <IsFieldOnly>false</IsFieldOnly>
        <IsEncrypted>false</IsEncrypted>
        <IsActive>false</IsActive>
        <IsReadOnly>false</IsReadOnly>
        <IsCentrallyMaintained>true</IsCentrallyMaintained>
        <AD_FieldGroup_ID reference="id"/>
        <EntityType>EE01</EntityType>
        <ObscureType/>
        <AD_Reference_ID reference="id"/>
        <IsMandatory/>
        <DefaultValue/>
        <AD_Reference_Value_ID reference="id"/>
        <AD_Val_Rule_ID reference="id"/>
        <Included_Tab_ID reference="id"/>
        <AD_Field_UU>eb687b83-1032-45fa-8a16-203c80778167</AD_Field_UU>
        <IsAllowCopy/>
        <IsDisplayedGrid>true</IsDisplayedGrid>
        <SeqNoGrid>430</SeqNoGrid>
        <XPosition>2</XPosition>
        <ColumnSpan>2</ColumnSpan>
        <NumLines>1</NumLines>
        <IsQuickEntry>false</IsQuickEntry>
        <IsUpdateable/>
        <IsAlwaysUpdateable/>
        <MandatoryLogic/>
        <ReadOnlyLogic/>
        <IsToolbarButton/>
        <IsDefaultFocus>false</IsDefaultFocus>
        <IsAdvancedField>false</IsAdvancedField>
        <AD_Field_Trl type="translation">
            <Help/>
            <Description/>
            <Name>Permitir Información MRP</Name>
            <AD_Language>es_CO</AD_Language>
            <IsActive>true</IsActive>
            <IsTranslated>true</IsTranslated>
        </AD_Field_Trl>
    </AD_Field>
    <AD_TableIndex type="table">
        <AD_TableIndex_ID>200163</AD_TableIndex_ID>
        <AD_Client_ID>0</AD_Client_ID>
        <AD_Org_ID>0</AD_Org_ID>
        <AD_TableIndex_ID>200163</AD_TableIndex_ID>
        <AD_TableIndex_UU>115743c4-0ad9-43e1-8190-d71e6230f101</AD_TableIndex_UU>
        <Description/>
        <EntityType>D</EntityType>
        <IsActive>true</IsActive>
        <Name>ad_process_access_uu_idx</Name>
        <AD_Table_ID reference="id">197</AD_Table_ID>
        <Help/>
        <IsCreateConstraint>false</IsCreateConstraint>
        <IsUnique>true</IsUnique>
        <Processing>false</Processing>
        <AD_Message_ID reference="id"/>
        <TableIndexDrop/>
        <IsKey>false</IsKey>
        <AD_IndexColumn type="table">
            <AD_IndexColumn_ID>200186</AD_IndexColumn_ID>
            <AD_Client_ID>0</AD_Client_ID>
            <AD_Org_ID>0</AD_Org_ID>
            <AD_IndexColumn_ID>200186</AD_IndexColumn_ID>
            <AD_IndexColumn_UU>e750adac-7869-4104-97a6-dbff62b11cf5</AD_IndexColumn_UU>
            <EntityType>D</EntityType>
            <IsActive>true</IsActive>
            <AD_Column_ID reference="id">60469</AD_Column_ID>
            <AD_TableIndex_ID reference="id">200163</AD_TableIndex_ID>
            <ColumnSQL/>
            <SeqNo>1</SeqNo>
        </AD_IndexColumn>
    </AD_TableIndex>
    <AD_TableIndex type="table">
        <AD_Client_ID>0</AD_Client_ID>
        <AD_Org_ID>0</AD_Org_ID>
        <AD_TableIndex_UU>9d8590fc-b9ff-4307-b3a4-bf8ee9dad05a</AD_TableIndex_UU>
        <Description/>
        <EntityType>U</EntityType>
        <IsActive>true</IsActive>
        <Name>ad_process_access_uu_idx</Name>
        <AD_Table_ID reference="id">197</AD_Table_ID>
        <Help/>
        <IsCreateConstraint>false</IsCreateConstraint>
        <IsUnique>true</IsUnique>
        <Processing>false</Processing>
        <AD_Message_ID reference="id"/>
        <TableIndexDrop/>
        <IsKey>false</IsKey>
        <AD_IndexColumn type="table">
            <AD_Client_ID>0</AD_Client_ID>
            <AD_Org_ID>0</AD_Org_ID>
            <AD_IndexColumn_UU>f299bb47-781a-43e9-81ab-67ef6815dd0f</AD_IndexColumn_UU>
            <EntityType>U</EntityType>
            <IsActive>true</IsActive>
            <AD_Column_ID reference="id">60469</AD_Column_ID>
            <AD_TableIndex_ID reference="uuid" reference-key="AD_TableIndex">9d8590fc-b9ff-4307-b3a4-bf8ee9dad05a</AD_TableIndex_ID>
            <ColumnSQL/>
            <SeqNo>1</SeqNo>
        </AD_IndexColumn>
    </AD_TableIndex>
    <AD_TableIndex type="table">
        <AD_TableIndex_ID>200281</AD_TableIndex_ID>
        <AD_Client_ID>0</AD_Client_ID>
        <AD_Org_ID>0</AD_Org_ID>
        <AD_TableIndex_ID>200281</AD_TableIndex_ID>
        <AD_TableIndex_UU>07e9edf3-81a5-4018-9ede-6c8150b4f49f</AD_TableIndex_UU>
        <Description/>
        <EntityType>D</EntityType>
        <IsActive>true</IsActive>
        <Name>ad_window_access_uu_idx</Name>
        <AD_Table_ID reference="id">201</AD_Table_ID>
        <Help/>
        <IsCreateConstraint>false</IsCreateConstraint>
        <IsUnique>true</IsUnique>
        <Processing>false</Processing>
        <AD_Message_ID reference="id"/>
        <TableIndexDrop/>
        <IsKey>false</IsKey>
        <AD_IndexColumn type="table">
            <AD_IndexColumn_ID>200317</AD_IndexColumn_ID>
            <AD_Client_ID>0</AD_Client_ID>
            <AD_Org_ID>0</AD_Org_ID>
            <AD_IndexColumn_ID>200317</AD_IndexColumn_ID>
            <AD_IndexColumn_UU>4368ba59-e72e-4948-97ea-e89914ac9e88</AD_IndexColumn_UU>
            <EntityType>D</EntityType>
            <IsActive>true</IsActive>
            <AD_Column_ID reference="id">60552</AD_Column_ID>
            <AD_TableIndex_ID reference="id">200281</AD_TableIndex_ID>
            <ColumnSQL/>
            <SeqNo>1</SeqNo>
        </AD_IndexColumn>
    </AD_TableIndex>
    <AD_TableIndex type="table">
        <AD_Client_ID>0</AD_Client_ID>
        <AD_Org_ID>0</AD_Org_ID>
        <AD_TableIndex_UU>c39cb1bd-6ac5-4984-965e-f6d5f8d90799</AD_TableIndex_UU>
        <Description/>
        <EntityType>U</EntityType>
        <IsActive>true</IsActive>
        <Name>ad_window_access_uu_idx</Name>
        <AD_Table_ID reference="id">201</AD_Table_ID>
        <Help/>
        <IsCreateConstraint>false</IsCreateConstraint>
        <IsUnique>true</IsUnique>
        <Processing>false</Processing>
        <AD_Message_ID reference="id"/>
        <TableIndexDrop/>
        <IsKey>false</IsKey>
        <AD_IndexColumn type="table">
            <AD_Client_ID>0</AD_Client_ID>
            <AD_Org_ID>0</AD_Org_ID>
            <AD_IndexColumn_UU>fc1119bb-bb06-48b7-917e-cc608f32a5d0</AD_IndexColumn_UU>
            <EntityType>U</EntityType>
            <IsActive>true</IsActive>
            <AD_Column_ID reference="id">60552</AD_Column_ID>
            <AD_TableIndex_ID reference="uuid" reference-key="AD_TableIndex">c39cb1bd-6ac5-4984-965e-f6d5f8d90799</AD_TableIndex_ID>
            <ColumnSQL/>
            <SeqNo>1</SeqNo>
        </AD_IndexColumn>
    </AD_TableIndex>
    <AD_TableIndex type="table">
        <AD_TableIndex_ID>200289</AD_TableIndex_ID>
        <AD_Client_ID>0</AD_Client_ID>
        <AD_Org_ID>0</AD_Org_ID>
        <AD_TableIndex_ID>200289</AD_TableIndex_ID>
        <AD_TableIndex_UU>a3c76796-837f-4abc-9169-fcdebf677976</AD_TableIndex_UU>
        <Description/>
        <EntityType>D</EntityType>
        <IsActive>true</IsActive>
        <Name>ad_workflow_access_uu_idx</Name>
        <AD_Table_ID reference="id">202</AD_Table_ID>
        <Help/>
        <IsCreateConstraint>false</IsCreateConstraint>
        <IsUnique>true</IsUnique>
        <Processing>false</Processing>
        <AD_Message_ID reference="id"/>
        <TableIndexDrop/>
        <IsKey>false</IsKey>
        <AD_IndexColumn type="table">
            <AD_IndexColumn_ID>200326</AD_IndexColumn_ID>
            <AD_Client_ID>0</AD_Client_ID>
            <AD_Org_ID>0</AD_Org_ID>
            <AD_IndexColumn_ID>200326</AD_IndexColumn_ID>
            <AD_IndexColumn_UU>fd92a22e-2a49-4903-82d9-9a5f19ca7816</AD_IndexColumn_UU>
            <EntityType>D</EntityType>
            <IsActive>true</IsActive>
            <AD_Column_ID reference="id">60558</AD_Column_ID>
            <AD_TableIndex_ID reference="id">200289</AD_TableIndex_ID>
            <ColumnSQL/>
            <SeqNo>1</SeqNo>
        </AD_IndexColumn>
    </AD_TableIndex>
    <AD_TableIndex type="table">
        <AD_Client_ID>0</AD_Client_ID>
        <AD_Org_ID>0</AD_Org_ID>
        <AD_TableIndex_UU>378c7272-b919-4ca8-a57b-a0797ad5420d</AD_TableIndex_UU>
        <Description/>
        <EntityType>U</EntityType>
        <IsActive>true</IsActive>
        <Name>ad_workflow_access_uu_idx</Name>
        <AD_Table_ID reference="id">202</AD_Table_ID>
        <Help/>
        <IsCreateConstraint>false</IsCreateConstraint>
        <IsUnique>true</IsUnique>
        <Processing>false</Processing>
        <AD_Message_ID reference="id"/>
        <TableIndexDrop/>
        <IsKey>false</IsKey>
        <AD_IndexColumn type="table">
            <AD_Client_ID>0</AD_Client_ID>
            <AD_Org_ID>0</AD_Org_ID>
            <AD_IndexColumn_UU>1a38ce91-bfc5-43c4-8224-6ce00f3b27e5</AD_IndexColumn_UU>
            <EntityType>U</EntityType>
            <IsActive>true</IsActive>
            <AD_Column_ID reference="id">60558</AD_Column_ID>
            <AD_TableIndex_ID reference="uuid" reference-key="AD_TableIndex">378c7272-b919-4ca8-a57b-a0797ad5420d</AD_TableIndex_ID>
            <ColumnSQL/>
            <SeqNo>1</SeqNo>
        </AD_IndexColumn>
    </AD_TableIndex>
    <AD_TableIndex type="table">
        <AD_TableIndex_ID>200089</AD_TableIndex_ID>
        <AD_Client_ID>0</AD_Client_ID>
        <AD_Org_ID>0</AD_Org_ID>
        <AD_TableIndex_ID>200089</AD_TableIndex_ID>
        <AD_TableIndex_UU>1e816cd3-7a7c-4a31-8b43-66605377a450</AD_TableIndex_UU>
        <Description/>
        <EntityType>D</EntityType>
        <IsActive>true</IsActive>
        <Name>ad_form_access_uu_idx</Name>
        <AD_Table_ID reference="id">378</AD_Table_ID>
        <Help/>
        <IsCreateConstraint>false</IsCreateConstraint>
        <IsUnique>true</IsUnique>
        <Processing>false</Processing>
        <AD_Message_ID reference="id"/>
        <TableIndexDrop/>
        <IsKey>false</IsKey>
        <AD_IndexColumn type="table">
            <AD_IndexColumn_ID>200095</AD_IndexColumn_ID>
            <AD_Client_ID>0</AD_Client_ID>
            <AD_Org_ID>0</AD_Org_ID>
            <AD_IndexColumn_ID>200095</AD_IndexColumn_ID>
            <AD_IndexColumn_UU>4bc73c39-6717-45ce-9951-748c129fb3be</AD_IndexColumn_UU>
            <EntityType>D</EntityType>
            <IsActive>true</IsActive>
            <AD_Column_ID reference="id">60415</AD_Column_ID>
            <AD_TableIndex_ID reference="id">200089</AD_TableIndex_ID>
            <ColumnSQL/>
            <SeqNo>1</SeqNo>
        </AD_IndexColumn>
    </AD_TableIndex>
    <AD_TableIndex type="table">
        <AD_Client_ID>0</AD_Client_ID>
        <AD_Org_ID>0</AD_Org_ID>
        <AD_TableIndex_UU>8147a38c-254b-45c1-afe4-3fb7030d152c</AD_TableIndex_UU>
        <Description/>
        <EntityType>U</EntityType>
        <IsActive>true</IsActive>
        <Name>ad_form_access_uu_idx</Name>
        <AD_Table_ID reference="id">378</AD_Table_ID>
        <Help/>
        <IsCreateConstraint>false</IsCreateConstraint>
        <IsUnique>true</IsUnique>
        <Processing>false</Processing>
        <AD_Message_ID reference="id"/>
        <TableIndexDrop/>
        <IsKey>false</IsKey>
        <AD_IndexColumn type="table">
            <AD_Client_ID>0</AD_Client_ID>
            <AD_Org_ID>0</AD_Org_ID>
            <AD_IndexColumn_UU>a1744c1a-6b7f-43b7-8780-f4d8cb5f044b</AD_IndexColumn_UU>
            <EntityType>U</EntityType>
            <IsActive>true</IsActive>
            <AD_Column_ID reference="id">60415</AD_Column_ID>
            <AD_TableIndex_ID reference="uuid" reference-key="AD_TableIndex">8147a38c-254b-45c1-afe4-3fb7030d152c</AD_TableIndex_ID>
            <ColumnSQL/>
            <SeqNo>1</SeqNo>
        </AD_IndexColumn>
    </AD_TableIndex>
    <AD_TableIndex type="table">
        <AD_TableIndex_ID>200101</AD_TableIndex_ID>
        <AD_Client_ID>0</AD_Client_ID>
        <AD_Org_ID>0</AD_Org_ID>
        <AD_TableIndex_ID>200101</AD_TableIndex_ID>
        <AD_TableIndex_UU>23e48711-9d48-444c-9df0-ee0f1e4aec4c</AD_TableIndex_UU>
        <Description/>
        <EntityType>D</EntityType>
        <IsActive>true</IsActive>
        <Name>ad_infowindow_access_uu_idx</Name>
        <AD_Table_ID reference="id">200054</AD_Table_ID>
        <Help/>
        <IsCreateConstraint>false</IsCreateConstraint>
        <IsUnique>true</IsUnique>
        <Processing>false</Processing>
        <AD_Message_ID reference="id"/>
        <TableIndexDrop/>
        <IsKey>false</IsKey>
        <AD_IndexColumn type="table">
            <AD_IndexColumn_ID>200109</AD_IndexColumn_ID>
            <AD_Client_ID>0</AD_Client_ID>
            <AD_Org_ID>0</AD_Org_ID>
            <AD_IndexColumn_ID>200109</AD_IndexColumn_ID>
            <AD_IndexColumn_UU>16f36833-383e-493a-af8e-46cdddf80aba</AD_IndexColumn_UU>
            <EntityType>D</EntityType>
            <IsActive>true</IsActive>
            <AD_Column_ID reference="id">208373</AD_Column_ID>
            <AD_TableIndex_ID reference="id">200101</AD_TableIndex_ID>
            <ColumnSQL/>
            <SeqNo>1</SeqNo>
        </AD_IndexColumn>
    </AD_TableIndex>
    <AD_TableIndex type="table">
        <AD_Client_ID>0</AD_Client_ID>
        <AD_Org_ID>0</AD_Org_ID>
        <AD_TableIndex_UU>ad135efa-1a8c-4142-9fe7-49a5629b18e8</AD_TableIndex_UU>
        <Description/>
        <EntityType>U</EntityType>
        <IsActive>true</IsActive>
        <Name>ad_infowindow_access_uu_idx</Name>
        <AD_Table_ID reference="id">200054</AD_Table_ID>
        <Help/>
        <IsCreateConstraint>false</IsCreateConstraint>
        <IsUnique>true</IsUnique>
        <Processing>false</Processing>
        <AD_Message_ID reference="id"/>
        <TableIndexDrop/>
        <IsKey>false</IsKey>
        <AD_IndexColumn type="table">
            <AD_Client_ID>0</AD_Client_ID>
            <AD_Org_ID>0</AD_Org_ID>
            <AD_IndexColumn_UU>9d462595-921a-47ab-b074-9def75af44d5</AD_IndexColumn_UU>
            <EntityType>U</EntityType>
            <IsActive>true</IsActive>
            <AD_Column_ID reference="id">208373</AD_Column_ID>
            <AD_TableIndex_ID reference="uuid" reference-key="AD_TableIndex">ad135efa-1a8c-4142-9fe7-49a5629b18e8</AD_TableIndex_ID>
            <ColumnSQL/>
            <SeqNo>1</SeqNo>
        </AD_IndexColumn>
    </AD_TableIndex>
    <AD_TableIndex type="table">
        <AD_TableIndex_ID>200221</AD_TableIndex_ID>
        <AD_Client_ID>0</AD_Client_ID>
        <AD_Org_ID>0</AD_Org_ID>
        <AD_TableIndex_ID>200221</AD_TableIndex_ID>
        <AD_TableIndex_UU>2168c379-121b-4832-857f-4540f011b92b</AD_TableIndex_UU>
        <Description/>
        <EntityType>D</EntityType>
        <IsActive>true</IsActive>
        <Name>ad_task_access_uu_idx</Name>
        <AD_Table_ID reference="id">199</AD_Table_ID>
        <Help/>
        <IsCreateConstraint>false</IsCreateConstraint>
        <IsUnique>true</IsUnique>
        <Processing>false</Processing>
        <AD_Message_ID reference="id"/>
        <TableIndexDrop/>
        <IsKey>false</IsKey>
        <AD_IndexColumn type="table">
            <AD_IndexColumn_ID>200251</AD_IndexColumn_ID>
            <AD_Client_ID>0</AD_Client_ID>
            <AD_Org_ID>0</AD_Org_ID>
            <AD_IndexColumn_ID>200251</AD_IndexColumn_ID>
            <AD_IndexColumn_UU>e3d0608f-b36b-4e92-842b-e4b8147346be</AD_IndexColumn_UU>
            <EntityType>D</EntityType>
            <IsActive>true</IsActive>
            <AD_Column_ID reference="id">60511</AD_Column_ID>
            <AD_TableIndex_ID reference="id">200221</AD_TableIndex_ID>
            <ColumnSQL/>
            <SeqNo>1</SeqNo>
        </AD_IndexColumn>
    </AD_TableIndex>
    <AD_TableIndex type="table">
        <AD_Client_ID>0</AD_Client_ID>
        <AD_Org_ID>0</AD_Org_ID>
        <AD_TableIndex_UU>ae18da61-c274-499e-841d-02e5c4262877</AD_TableIndex_UU>
        <Description/>
        <EntityType>U</EntityType>
        <IsActive>true</IsActive>
        <Name>ad_task_access_uu_idx</Name>
        <AD_Table_ID reference="id">199</AD_Table_ID>
        <Help/>
        <IsCreateConstraint>false</IsCreateConstraint>
        <IsUnique>true</IsUnique>
        <Processing>false</Processing>
        <AD_Message_ID reference="id"/>
        <TableIndexDrop/>
        <IsKey>false</IsKey>
        <AD_IndexColumn type="table">
            <AD_Client_ID>0</AD_Client_ID>
            <AD_Org_ID>0</AD_Org_ID>
            <AD_IndexColumn_UU>61ce60f8-af17-4bc0-b155-f087f95ae3e3</AD_IndexColumn_UU>
            <EntityType>U</EntityType>
            <IsActive>true</IsActive>
            <AD_Column_ID reference="id">60511</AD_Column_ID>
            <AD_TableIndex_ID reference="uuid" reference-key="AD_TableIndex">ae18da61-c274-499e-841d-02e5c4262877</AD_TableIndex_ID>
            <ColumnSQL/>
            <SeqNo>1</SeqNo>
        </AD_IndexColumn>
    </AD_TableIndex>
    <AD_TableIndex type="table">
        <AD_TableIndex_ID>200073</AD_TableIndex_ID>
        <AD_Client_ID>0</AD_Client_ID>
        <AD_Org_ID>0</AD_Org_ID>
        <AD_TableIndex_ID>200073</AD_TableIndex_ID>
        <AD_TableIndex_UU>86e0290d-822c-49f0-86de-35b4e3b574b3</AD_TableIndex_UU>
        <Description/>
        <EntityType>D</EntityType>
        <IsActive>true</IsActive>
        <Name>ad_document_action_acce_uu_idx</Name>
        <AD_Table_ID reference="id">53012</AD_Table_ID>
        <Help/>
        <IsCreateConstraint>false</IsCreateConstraint>
        <IsUnique>true</IsUnique>
        <Processing>false</Processing>
        <AD_Message_ID reference="id"/>
        <TableIndexDrop/>
        <IsKey>false</IsKey>
        <AD_IndexColumn type="table">
            <AD_IndexColumn_ID>200077</AD_IndexColumn_ID>
            <AD_Client_ID>0</AD_Client_ID>
            <AD_Org_ID>0</AD_Org_ID>
            <AD_IndexColumn_ID>200077</AD_IndexColumn_ID>
            <AD_IndexColumn_UU>4a96b1a8-c4bd-4a7d-9565-c280e8d02ad9</AD_IndexColumn_UU>
            <EntityType>D</EntityType>
            <IsActive>true</IsActive>
            <AD_Column_ID reference="id">60394</AD_Column_ID>
            <AD_TableIndex_ID reference="id">200073</AD_TableIndex_ID>
            <ColumnSQL/>
            <SeqNo>1</SeqNo>
        </AD_IndexColumn>
    </AD_TableIndex>
    <AD_TableIndex type="table">
        <AD_Client_ID>0</AD_Client_ID>
        <AD_Org_ID>0</AD_Org_ID>
        <AD_TableIndex_UU>83d39696-2f1d-4eeb-ae6a-221706e433ef</AD_TableIndex_UU>
        <Description/>
        <EntityType>U</EntityType>
        <IsActive>true</IsActive>
        <Name>ad_document_action_acce_uu_idx</Name>
        <AD_Table_ID reference="id">53012</AD_Table_ID>
        <Help/>
        <IsCreateConstraint>false</IsCreateConstraint>
        <IsUnique>true</IsUnique>
        <Processing>false</Processing>
        <AD_Message_ID reference="id"/>
        <TableIndexDrop/>
        <IsKey>false</IsKey>
        <AD_IndexColumn type="table">
            <AD_Client_ID>0</AD_Client_ID>
            <AD_Org_ID>0</AD_Org_ID>
            <AD_IndexColumn_UU>abfe507d-75b6-4e20-a0c5-7f568a2e5683</AD_IndexColumn_UU>
            <EntityType>U</EntityType>
            <IsActive>true</IsActive>
            <AD_Column_ID reference="id">60394</AD_Column_ID>
            <AD_TableIndex_ID reference="uuid" reference-key="AD_TableIndex">83d39696-2f1d-4eeb-ae6a-221706e433ef</AD_TableIndex_ID>
            <ColumnSQL/>
            <SeqNo>1</SeqNo>
        </AD_IndexColumn>
    </AD_TableIndex>
    <AD_TableIndex type="table">
        <AD_TableIndex_ID>200190</AD_TableIndex_ID>
        <AD_Client_ID>0</AD_Client_ID>
        <AD_Org_ID>0</AD_Org_ID>
        <AD_TableIndex_ID>200190</AD_TableIndex_ID>
        <AD_TableIndex_UU>805373fc-4be4-477a-ad11-c69105809ee6</AD_TableIndex_UU>
        <Description/>
        <EntityType>D</EntityType>
        <IsActive>true</IsActive>
        <Name>ad_role_included_uu_idx</Name>
        <AD_Table_ID reference="id">53222</AD_Table_ID>
        <Help/>
        <IsCreateConstraint>false</IsCreateConstraint>
        <IsUnique>true</IsUnique>
        <Processing>false</Processing>
        <AD_Message_ID reference="id"/>
        <TableIndexDrop/>
        <IsKey>false</IsKey>
        <AD_IndexColumn type="table">
            <AD_IndexColumn_ID>200216</AD_IndexColumn_ID>
            <AD_Client_ID>0</AD_Client_ID>
            <AD_Org_ID>0</AD_Org_ID>
            <AD_IndexColumn_ID>200216</AD_IndexColumn_ID>
            <AD_IndexColumn_UU>efa01623-c2a6-43b9-b6b4-1b1a9468f83a</AD_IndexColumn_UU>
            <EntityType>D</EntityType>
            <IsActive>true</IsActive>
            <AD_Column_ID reference="id">60490</AD_Column_ID>
            <AD_TableIndex_ID reference="id">200190</AD_TableIndex_ID>
            <ColumnSQL/>
            <SeqNo>1</SeqNo>
        </AD_IndexColumn>
    </AD_TableIndex>
    <AD_TableIndex type="table">
        <AD_Client_ID>0</AD_Client_ID>
        <AD_Org_ID>0</AD_Org_ID>
        <AD_TableIndex_UU>199c34bf-7491-44e2-87ec-accf3471e9e0</AD_TableIndex_UU>
        <Description/>
        <EntityType>U</EntityType>
        <IsActive>true</IsActive>
        <Name>ad_role_included_uu_idx</Name>
        <AD_Table_ID reference="id">53222</AD_Table_ID>
        <Help/>
        <IsCreateConstraint>false</IsCreateConstraint>
        <IsUnique>true</IsUnique>
        <Processing>false</Processing>
        <AD_Message_ID reference="id"/>
        <TableIndexDrop/>
        <IsKey>false</IsKey>
        <AD_IndexColumn type="table">
            <AD_Client_ID>0</AD_Client_ID>
            <AD_Org_ID>0</AD_Org_ID>
            <AD_IndexColumn_UU>ee96e71b-cfc1-4ecf-b8ea-3c8f132eabaf</AD_IndexColumn_UU>
            <EntityType>U</EntityType>
            <IsActive>true</IsActive>
            <AD_Column_ID reference="id">60490</AD_Column_ID>
            <AD_TableIndex_ID reference="uuid" reference-key="AD_TableIndex">199c34bf-7491-44e2-87ec-accf3471e9e0</AD_TableIndex_ID>
            <ColumnSQL/>
            <SeqNo>1</SeqNo>
        </AD_IndexColumn>
    </AD_TableIndex>
    <AD_TableIndex type="table">
        <AD_TableIndex_ID>200191</AD_TableIndex_ID>
        <AD_Client_ID>0</AD_Client_ID>
        <AD_Org_ID>0</AD_Org_ID>
        <AD_TableIndex_ID>200191</AD_TableIndex_ID>
        <AD_TableIndex_UU>78a90ff8-9012-4bb7-9b76-e76a08e669f6</AD_TableIndex_UU>
        <Description/>
        <EntityType>D</EntityType>
        <IsActive>true</IsActive>
        <Name>ad_role_orgaccess_uu_idx</Name>
        <AD_Table_ID reference="id">422</AD_Table_ID>
        <Help/>
        <IsCreateConstraint>false</IsCreateConstraint>
        <IsUnique>true</IsUnique>
        <Processing>false</Processing>
        <AD_Message_ID reference="id"/>
        <TableIndexDrop/>
        <IsKey>false</IsKey>
        <AD_IndexColumn type="table">
            <AD_IndexColumn_ID>200217</AD_IndexColumn_ID>
            <AD_Client_ID>0</AD_Client_ID>
            <AD_Org_ID>0</AD_Org_ID>
            <AD_IndexColumn_ID>200217</AD_IndexColumn_ID>
            <AD_IndexColumn_UU>11fded9c-d09d-4db7-8150-091db48048b6</AD_IndexColumn_UU>
            <EntityType>D</EntityType>
            <IsActive>true</IsActive>
            <AD_Column_ID reference="id">60491</AD_Column_ID>
            <AD_TableIndex_ID reference="id">200191</AD_TableIndex_ID>
            <ColumnSQL/>
            <SeqNo>1</SeqNo>
        </AD_IndexColumn>
    </AD_TableIndex>
    <AD_TableIndex type="table">
        <AD_Client_ID>0</AD_Client_ID>
        <AD_Org_ID>0</AD_Org_ID>
        <AD_TableIndex_UU>670f586b-6f59-47a9-a093-530e08755f29</AD_TableIndex_UU>
        <Description/>
        <EntityType>U</EntityType>
        <IsActive>true</IsActive>
        <Name>ad_role_orgaccess_uu_idx</Name>
        <AD_Table_ID reference="id">422</AD_Table_ID>
        <Help/>
        <IsCreateConstraint>false</IsCreateConstraint>
        <IsUnique>true</IsUnique>
        <Processing>false</Processing>
        <AD_Message_ID reference="id"/>
        <TableIndexDrop/>
        <IsKey>false</IsKey>
        <AD_IndexColumn type="table">
            <AD_Client_ID>0</AD_Client_ID>
            <AD_Org_ID>0</AD_Org_ID>
            <AD_IndexColumn_UU>0d0da638-a0e7-491b-b93d-74d5b1912ce5</AD_IndexColumn_UU>
            <EntityType>U</EntityType>
            <IsActive>true</IsActive>
            <AD_Column_ID reference="id">60491</AD_Column_ID>
            <AD_TableIndex_ID reference="uuid" reference-key="AD_TableIndex">670f586b-6f59-47a9-a093-530e08755f29</AD_TableIndex_ID>
            <ColumnSQL/>
            <SeqNo>1</SeqNo>
        </AD_IndexColumn>
    </AD_TableIndex>
    <AD_TableIndex type="table">
        <AD_TableIndex_ID>200249</AD_TableIndex_ID>
        <AD_Client_ID>0</AD_Client_ID>
        <AD_Org_ID>0</AD_Org_ID>
        <AD_TableIndex_ID>200249</AD_TableIndex_ID>
        <AD_TableIndex_UU>c2a35b12-b8cd-4d7c-ae85-c8fed1392e35</AD_TableIndex_UU>
        <Description/>
        <EntityType>D</EntityType>
        <IsActive>true</IsActive>
        <Name>ad_user_roles_uu_idx</Name>
        <AD_Table_ID reference="id">157</AD_Table_ID>
        <Help/>
        <IsCreateConstraint>false</IsCreateConstraint>
        <IsUnique>true</IsUnique>
        <Processing>false</Processing>
        <AD_Message_ID reference="id"/>
        <TableIndexDrop/>
        <IsKey>false</IsKey>
        <AD_IndexColumn type="table">
            <AD_IndexColumn_ID>200280</AD_IndexColumn_ID>
            <AD_Client_ID>0</AD_Client_ID>
            <AD_Org_ID>0</AD_Org_ID>
            <AD_IndexColumn_ID>200280</AD_IndexColumn_ID>
            <AD_IndexColumn_UU>3f4d2b8f-0b1f-4cf0-9ebf-0b34c7ddf330</AD_IndexColumn_UU>
            <EntityType>D</EntityType>
            <IsActive>true</IsActive>
            <AD_Column_ID reference="id">60536</AD_Column_ID>
            <AD_TableIndex_ID reference="id">200249</AD_TableIndex_ID>
            <ColumnSQL/>
            <SeqNo>1</SeqNo>
        </AD_IndexColumn>
    </AD_TableIndex>
    <AD_TableIndex type="table">
        <AD_Client_ID>0</AD_Client_ID>
        <AD_Org_ID>0</AD_Org_ID>
        <AD_TableIndex_UU>0ce5127e-3026-4a10-91b9-316dafce8d66</AD_TableIndex_UU>
        <Description/>
        <EntityType>U</EntityType>
        <IsActive>true</IsActive>
        <Name>ad_user_roles_uu_idx</Name>
        <AD_Table_ID reference="id">157</AD_Table_ID>
        <Help/>
        <IsCreateConstraint>false</IsCreateConstraint>
        <IsUnique>true</IsUnique>
        <Processing>false</Processing>
        <AD_Message_ID reference="id"/>
        <TableIndexDrop/>
        <IsKey>false</IsKey>
        <AD_IndexColumn type="table">
            <AD_Client_ID>0</AD_Client_ID>
            <AD_Org_ID>0</AD_Org_ID>
            <AD_IndexColumn_UU>c7c5f809-4278-4174-b115-aeeae66f8f03</AD_IndexColumn_UU>
            <EntityType>U</EntityType>
            <IsActive>true</IsActive>
            <AD_Column_ID reference="id">60536</AD_Column_ID>
            <AD_TableIndex_ID reference="uuid" reference-key="AD_TableIndex">0ce5127e-3026-4a10-91b9-316dafce8d66</AD_TableIndex_ID>
            <ColumnSQL/>
            <SeqNo>1</SeqNo>
        </AD_IndexColumn>
    </AD_TableIndex>
    <SQLStatement type="custom">
        <DBType>ALL</DBType>
        <statement><![CDATA[UPDATE AD_Role SET IsMobileEnabled = 'Y' WHERE Name = 'GardenWorld Admin']]></statement>
    </SQLStatement>
    <AD_Message type="table">
        <AD_Client_ID>0</AD_Client_ID>
        <AD_Org_ID>0</AD_Org_ID>
        <MsgType>I</MsgType>
        <MsgText>Back</MsgText>
        <MsgTip/>
        <IsActive>true</IsActive>
        <Value>iuimobile.Back</Value>
        <EntityType>A</EntityType>
        <AD_Message_UU>c70ef08a-8071-4865-915b-f6e73ecba199</AD_Message_UU>
        <AD_Message_Trl type="translation">
            <MsgText>Back</MsgText>
            <MsgTip/>
            <AD_Language>es_CO</AD_Language>
            <IsActive>true</IsActive>
            <IsTranslated>false</IsTranslated>
        </AD_Message_Trl>
    </AD_Message>
    <AD_Message type="table">
        <AD_Client_ID>0</AD_Client_ID>
        <AD_Org_ID>0</AD_Org_ID>
        <MsgType>I</MsgType>
        <MsgText>Cancel</MsgText>
        <MsgTip/>
        <IsActive>true</IsActive>
        <Value>iuimobile.Cancel</Value>
        <EntityType>A</EntityType>
        <AD_Message_UU>5720350f-c1e6-465b-b028-db27f3b1aaa0</AD_Message_UU>
        <AD_Message_Trl type="translation">
            <MsgText>Cancel</MsgText>
            <MsgTip/>
            <AD_Language>es_CO</AD_Language>
            <IsActive>true</IsActive>
            <IsTranslated>false</IsTranslated>
        </AD_Message_Trl>
    </AD_Message>
    <AD_Message type="table">
        <AD_Client_ID>0</AD_Client_ID>
        <AD_Org_ID>0</AD_Org_ID>
        <MsgType>I</MsgType>
        <MsgText>Find</MsgText>
        <MsgTip/>
        <IsActive>true</IsActive>
        <Value>iuimobile.Find</Value>
        <EntityType>A</EntityType>
        <AD_Message_UU>c3dc97cc-4856-4350-bd31-9bea4001e3cb</AD_Message_UU>
        <AD_Message_Trl type="translation">
            <MsgText>Find</MsgText>
            <MsgTip/>
            <AD_Language>es_CO</AD_Language>
            <IsActive>true</IsActive>
            <IsTranslated>false</IsTranslated>
        </AD_Message_Trl>
    </AD_Message>
    <AD_Message type="table">
        <AD_Client_ID>0</AD_Client_ID>
        <AD_Org_ID>0</AD_Org_ID>
        <MsgType>I</MsgType>
        <MsgText>Logout</MsgText>
        <MsgTip/>
        <IsActive>true</IsActive>
        <Value>iuimobile.Logout</Value>
        <EntityType>A</EntityType>
        <AD_Message_UU>726e9534-eb61-45b3-996e-8b8b37e1ee9e</AD_Message_UU>
        <AD_Message_Trl type="translation">
            <MsgText>Logout</MsgText>
            <MsgTip/>
            <AD_Language>es_CO</AD_Language>
            <IsActive>true</IsActive>
            <IsTranslated>false</IsTranslated>
        </AD_Message_Trl>
    </AD_Message>
    <AD_Message type="table">
        <AD_Client_ID>0</AD_Client_ID>
        <AD_Org_ID>0</AD_Org_ID>
        <MsgType>I</MsgType>
        <MsgText>New Record</MsgText>
        <MsgTip/>
        <IsActive>true</IsActive>
        <Value>iuimobile.NewRecord</Value>
        <EntityType>A</EntityType>
        <AD_Message_UU>c5713001-6719-4e07-879c-09292f41641e</AD_Message_UU>
        <AD_Message_Trl type="translation">
            <MsgText>New Record</MsgText>
            <MsgTip/>
            <AD_Language>es_CO</AD_Language>
            <IsActive>true</IsActive>
            <IsTranslated>false</IsTranslated>
        </AD_Message_Trl>
    </AD_Message>
</idempiere>
