<?xml version="1.0" encoding="UTF-8"?><idempiere Name="NicMcoud" Version="1" idempiereVersion="" DataBaseVersion="" Description="Contributed by Nicolas Mcoud, FRANCE" Author="" AuthorEmail="nmicoud@tgi.fr" CreatedDate="2013-10-23 08:24:26.287" UpdatedDate="2015-03-03 18:59:27.035" PackOutVersion="100" UpdateDictionary="false" Client="0-SYSTEM-System" AD_Client_UU="11237b53-9592-4af1-b3c5-afd216514b5d">
    <AD_Element type="table">
        <AD_Client_ID>0</AD_Client_ID>
        <AD_Org_ID>0</AD_Org_ID>
        <IsActive>true</IsActive>
        <ColumnName>IsMobileEnabled</ColumnName>
        <Name>Enabled for mobile access</Name>
        <Description>This role is enabled for mobile access</Description>
        <Help/>
        <PrintName>Enabled for mobile access</PrintName>
        <PO_Description/>
        <PO_Help/>
        <PO_Name/>
        <PO_PrintName/>
        <EntityType>U</EntityType>
        <AD_Element_UU>5e17a937-68c7-4ce2-b3bf-f9b78d4272bb</AD_Element_UU>
        <AD_Element_Trl type="translation">
            <Help/>
            <PO_Description/>
            <PO_Help/>
            <Name>Enabled for mobile access</Name>
            <Description>This role is enabled for mobile access</Description>
            <PrintName>Enabled for mobile access</PrintName>
            <PO_Name/>
            <PO_PrintName/>
            <AD_Language>es_CO</AD_Language>
            <IsActive>true</IsActive>
            <IsTranslated>false</IsTranslated>
        </AD_Element_Trl>
    </AD_Element>
    <AD_Column type="table">
        <IsSyncDatabase>Y</IsSyncDatabase>
        <AD_Table_ID reference="id">156</AD_Table_ID>
        <AD_Reference_Value_ID reference="id"/>
        <AD_Client_ID>0</AD_Client_ID>
        <AD_Org_ID>0</AD_Org_ID>
        <Version>0</Version>
        <Name>Enabled for mobile access</Name>
        <Description>This role is enabled for mobile access</Description>
        <Help/>
        <AD_Val_Rule_ID reference="id"/>
        <ColumnName>IsMobileEnabled</ColumnName>
        <DefaultValue>N</DefaultValue>
        <FieldLength>1</FieldLength>
        <IsKey>false</IsKey>
        <IsParent>false</IsParent>
        <IsMandatory>true</IsMandatory>
        <IsTranslated>false</IsTranslated>
        <IsIdentifier>false</IsIdentifier>
        <SeqNo>0</SeqNo>
        <IsEncrypted>N</IsEncrypted>
        <AD_Reference_ID reference="id">20</AD_Reference_ID>
        <IsActive>true</IsActive>
        <VFormat/>
        <Callout/>
        <AD_Element_ID reference="uuid" reference-key="AD_Element">5e17a937-68c7-4ce2-b3bf-f9b78d4272bb</AD_Element_ID>
        <IsUpdateable>true</IsUpdateable>
        <AD_Process_ID reference="id"/>
        <ValueMin/>
        <ValueMax/>
        <IsSelectionColumn>false</IsSelectionColumn>
        <ReadOnlyLogic/>
        <EntityType>U</EntityType>
        <IsAlwaysUpdateable>false</IsAlwaysUpdateable>
        <ColumnSQL/>
        <MandatoryLogic/>
        <IsAutocomplete>false</IsAutocomplete>
        <IsAllowLogging>true</IsAllowLogging>
        <FormatPattern/>
        <AD_Chart_ID reference="id"/>
        <AD_Column_UU>9429e973-ad39-411a-8094-db728bcc3664</AD_Column_UU>
        <IsAllowCopy>true</IsAllowCopy>
        <SeqNoSelection>0</SeqNoSelection>
        <IsToolbarButton>N</IsToolbarButton>
        <IsSecure>false</IsSecure>
        <FKConstraintName/>
        <FKConstraintType/>
        <IsSynchronized>false</IsSynchronized>
    </AD_Column>
    <AD_Field type="table">
        <AD_Client_ID>0</AD_Client_ID>
        <AD_Org_ID>0</AD_Org_ID>
        <Name>Enabled for mobile access</Name>
        <Description>This role is enabled for mobile access</Description>
        <Help/>
        <AD_Tab_ID reference="id">119</AD_Tab_ID>
        <AD_Column_ID reference="uuid" reference-key="AD_Column">9429e973-ad39-411a-8094-db728bcc3664</AD_Column_ID>
        <IsDisplayed>true</IsDisplayed>
        <DisplayLogic/>
        <DisplayLength>1</DisplayLength>
        <SeqNo>90</SeqNo>
        <SortNo/>
        <IsSameLine>false</IsSameLine>
        <IsHeading>false</IsHeading>
        <IsFieldOnly>false</IsFieldOnly>
        <IsEncrypted>false</IsEncrypted>
        <IsActive>true</IsActive>
        <IsReadOnly>false</IsReadOnly>
        <IsCentrallyMaintained>true</IsCentrallyMaintained>
        <AD_FieldGroup_ID reference="id"/>
        <EntityType>U</EntityType>
        <ObscureType/>
        <AD_Reference_ID reference="id"/>
        <IsMandatory/>
        <DefaultValue/>
        <AD_Reference_Value_ID reference="id"/>
        <AD_Val_Rule_ID reference="id"/>
        <Included_Tab_ID reference="id"/>
        <AD_Field_UU>f82ab4df-6f84-49e3-8dc5-37729685e262</AD_Field_UU>
        <IsAllowCopy/>
        <IsDisplayedGrid>true</IsDisplayedGrid>
        <SeqNoGrid>450</SeqNoGrid>
        <XPosition>2</XPosition>
        <ColumnSpan>2</ColumnSpan>
        <NumLines>1</NumLines>
        <IsQuickEntry>false</IsQuickEntry>
        <IsUpdateable/>
        <IsAlwaysUpdateable/>
        <MandatoryLogic/>
        <ReadOnlyLogic/>
        <IsToolbarButton/>
        <IsDefaultFocus>false</IsDefaultFocus>
        <IsAdvancedField>false</IsAdvancedField>
        <AD_Field_Trl type="translation">
            <Help/>
            <Description>Este rol está habilitado para acceso móvil</Description>
            <Name>Habilitado para acceso móvil</Name>
            <AD_Language>es_CO</AD_Language>
            <IsActive>true</IsActive>
            <IsTranslated>true</IsTranslated>
        </AD_Field_Trl>
    </AD_Field>
    <AD_Message type="table">
        <AD_Client_ID>0</AD_Client_ID>
        <AD_Org_ID>0</AD_Org_ID>
        <MsgType>I</MsgType>
        <MsgText>Back</MsgText>
        <MsgTip/>
        <IsActive>true</IsActive>
        <Value>iuimobile.Back</Value>
        <EntityType>U</EntityType>
        <AD_Message_UU>c70ef08a-8071-4865-915b-f6e73ecba199</AD_Message_UU>
        <AD_Message_Trl type="translation">
            <MsgText>Atrás</MsgText>
            <MsgTip/>
            <AD_Language>es_CO</AD_Language>
            <IsActive>true</IsActive>
            <IsTranslated>true</IsTranslated>
        </AD_Message_Trl>
    </AD_Message>
    <AD_Message type="table">
        <AD_Client_ID>0</AD_Client_ID>
        <AD_Org_ID>0</AD_Org_ID>
        <MsgType>I</MsgType>
        <MsgText>Cancel</MsgText>
        <MsgTip/>
        <IsActive>true</IsActive>
        <Value>iuimobile.Cancel</Value>
        <EntityType>U</EntityType>
        <AD_Message_UU>5720350f-c1e6-465b-b028-db27f3b1aaa0</AD_Message_UU>
        <AD_Message_Trl type="translation">
            <MsgText>Cancelar</MsgText>
            <MsgTip/>
            <AD_Language>es_CO</AD_Language>
            <IsActive>true</IsActive>
            <IsTranslated>true</IsTranslated>
        </AD_Message_Trl>
    </AD_Message>
    <AD_Message type="table">
        <AD_Client_ID>0</AD_Client_ID>
        <AD_Org_ID>0</AD_Org_ID>
        <MsgType>I</MsgType>
        <MsgText>Find</MsgText>
        <MsgTip/>
        <IsActive>true</IsActive>
        <Value>iuimobile.Find</Value>
        <EntityType>U</EntityType>
        <AD_Message_UU>c3dc97cc-4856-4350-bd31-9bea4001e3cb</AD_Message_UU>
        <AD_Message_Trl type="translation">
            <MsgText>Buscar</MsgText>
            <MsgTip/>
            <AD_Language>es_CO</AD_Language>
            <IsActive>true</IsActive>
            <IsTranslated>true</IsTranslated>
        </AD_Message_Trl>
    </AD_Message>
    <AD_Message type="table">
        <AD_Client_ID>0</AD_Client_ID>
        <AD_Org_ID>0</AD_Org_ID>
        <MsgType>I</MsgType>
        <MsgText>Logout</MsgText>
        <MsgTip/>
        <IsActive>true</IsActive>
        <Value>iuimobile.Logout</Value>
        <EntityType>U</EntityType>
        <AD_Message_UU>726e9534-eb61-45b3-996e-8b8b37e1ee9e</AD_Message_UU>
        <AD_Message_Trl type="translation">
            <MsgText>Salir</MsgText>
            <MsgTip/>
            <AD_Language>es_CO</AD_Language>
            <IsActive>true</IsActive>
            <IsTranslated>true</IsTranslated>
        </AD_Message_Trl>
    </AD_Message>
    <AD_Message type="table">
        <AD_Client_ID>0</AD_Client_ID>
        <AD_Org_ID>0</AD_Org_ID>
        <MsgType>I</MsgType>
        <MsgText>New Record</MsgText>
        <MsgTip/>
        <IsActive>true</IsActive>
        <Value>iuimobile.NewRecord</Value>
        <EntityType>U</EntityType>
        <AD_Message_UU>c5713001-6719-4e07-879c-09292f41641e</AD_Message_UU>
        <AD_Message_Trl type="translation">
            <MsgText>Nuevo Registro</MsgText>
            <MsgTip/>
            <AD_Language>es_CO</AD_Language>
            <IsActive>true</IsActive>
            <IsTranslated>true</IsTranslated>
        </AD_Message_Trl>
    </AD_Message>
</idempiere>
